{
  "flutter": {
    "platforms": {
      "android": {
        "default": {
          "projectId": "hakkim-database-42b05",
          "appId": "1:30678186224:android:ce51285d537ee599f72a35",
          "fileOutput": "android/app/google-services.json"
        }
      },
      "dart": {
        "lib/firebase_options.dart": {
          "projectId": "hakkim-database-42b05",
          "configurations": {
            "android": "1:30678186224:android:ce51285d537ee599f72a35",
            "ios": "1:30678186224:ios:3ff625420115c05af72a35",
            "web": "1:30678186224:web:6ec4e1827ca4c69ef72a35"
          }
        }
      }
    }
  }
  
}
