{
  "project_info": {
    "project_number": "30678186224",
    "project_id": "hakkim-database-42b05",
    "storage_bucket": "hakkim-database-42b05.firebasestorage.app"
  },
  "client": [
    {
      "client_info": {
        "mobilesdk_app_id": "1:30678186224:android:ea52ec02a27c6e8cf72a35",
        "android_client_info": {
          "package_name": "com.example.flutter_application_1"
        }
      },
      "oauth_client": [
        {
          "client_id": "30678186224-bjlq3esjiosqc119qcpkap34ai9hqea1.apps.googleusercontent.com",
          "client_type": 3
        }
      ],
      "api_key": [
        {
          "current_key": "AIzaSyBLmzYEvlKIl7ozI3N3cnPx43kvOC7xPME"
        }
      ],
      "services": {
        "appinvite_service": {
          "other_platform_oauth_client": [
            {
              "client_id": "30678186224-bjlq3esjiosqc119qcpkap34ai9hqea1.apps.googleusercontent.com",
              "client_type": 3
            },
            {
              "client_id": "30678186224-jknlsoeaf2trobj0ficqpkvabp9jgc8n.apps.googleusercontent.com",
              "client_type": 2,
              "ios_info": {
                "bundle_id": "com.example.flutterApplication1"
              }
            }
          ]
        }
      }
    },
    {
      "client_info": {
        "mobilesdk_app_id": "1:30678186224:android:206df225ccfc1d45f72a35",
        "android_client_info": {
          "package_name": "com.example.hakkim"
        }
      },
      "oauth_client": [
        {
          "client_id": "30678186224-bjlq3esjiosqc119qcpkap34ai9hqea1.apps.googleusercontent.com",
          "client_type": 3
        }
      ],
      "api_key": [
        {
          "current_key": "AIzaSyBLmzYEvlKIl7ozI3N3cnPx43kvOC7xPME"
        }
      ],
      "services": {
        "appinvite_service": {
          "other_platform_oauth_client": [
            {
              "client_id": "30678186224-bjlq3esjiosqc119qcpkap34ai9hqea1.apps.googleusercontent.com",
              "client_type": 3
            },
            {
              "client_id": "30678186224-jknlsoeaf2trobj0ficqpkvabp9jgc8n.apps.googleusercontent.com",
              "client_type": 2,
              "ios_info": {
                "bundle_id": "com.example.flutterApplication1"
              }
            }
          ]
        }
      }
    },
    {
      "client_info": {
        "mobilesdk_app_id": "1:30678186224:android:ce51285d537ee599f72a35",
        "android_client_info": {
          "package_name": "com.hakkim.app"
        }
      },
      "oauth_client": [
        {
          "client_id": "30678186224-bjlq3esjiosqc119qcpkap34ai9hqea1.apps.googleusercontent.com",
          "client_type": 3
        }
      ],
      "api_key": [
        {
          "current_key": "AIzaSyBLmzYEvlKIl7ozI3N3cnPx43kvOC7xPME"
        }
      ],
      "services": {
        "appinvite_service": {
          "other_platform_oauth_client": [
            {
              "client_id": "30678186224-bjlq3esjiosqc119qcpkap34ai9hqea1.apps.googleusercontent.com",
              "client_type": 3
            },
            {
              "client_id": "30678186224-jknlsoeaf2trobj0ficqpkvabp9jgc8n.apps.googleusercontent.com",
              "client_type": 2,
              "ios_info": {
                "bundle_id": "com.example.flutterApplication1"
              }
            }
          ]
        }
      }
    }
  ],
  "configuration_version": "1"
}